<rss xmlns:atom="http://www.w3.org/2005/Atom" version="2.0">
    <channel>
        <title>所有文章 - 小樱的嘤嘤嘤</title>
        <link>http://slance.org/posts/</link>
        <description>所有文章 | 小樱的嘤嘤嘤</description>
        <generator>Hugo -- gohugo.io</generator><language>zh-CN</language><managingEditor>xin.li@slance.org (slance)</managingEditor>
            <webMaster>xin.li@slance.org (slance)</webMaster><lastBuildDate>Sun, 04 Jun 2023 14:55:45 &#43;0800</lastBuildDate><atom:link href="http://slance.org/posts/" rel="self" type="application/rss+xml" /><item>
    <title>你好世界</title>
    <link>http://slance.org/posts/first_post/</link>
    <pubDate>Sun, 04 Jun 2023 14:55:45 &#43;0800</pubDate>
    <author>slance</author>
    <guid>http://slance.org/posts/first_post/</guid>
    <description><![CDATA[<p>这是一个测试文章，主要用来测试我的博客是否可以正常显示Markdown格式的文章。在这篇文章中，我将会介绍一些我最近学习的内容，并分享一些我的想法。</p>]]></description>
</item>
</channel>
</rss>
