<rss xmlns:atom="http://www.w3.org/2005/Atom" version="2.0">
    <channel>
        <title>Tags - 标签 - 小樱的嘤嘤嘤</title>
        <link>http://slance.org/tags/</link>
        <description>Tags - 标签 - 小樱的嘤嘤嘤</description>
        <generator>Hugo -- gohugo.io</generator><language>zh-CN</language><managingEditor>xin.li@slance.org (slance)</managingEditor>
            <webMaster>xin.li@slance.org (slance)</webMaster><atom:link href="http://slance.org/tags/" rel="self" type="application/rss+xml" /></channel>
</rss>
